Component,Manufacturer Part Number,Manufacturer1 Part Number,References,Quantity Per PCB,Part,Value,Footprint,SMD,Mounted,Part Description,Pin Count,Part Number,Val
1,~~,~~,B1 B2 B3 B4 B5 B6 B7 B8,8,PLATED_HOLE2.7_PAD5.0,PLATED_HOLE2.7_PAD5.0,MTG270_500,No,No,Plated Through Hole: Hole Dia.=2.7mm Pad Dia.=5.0mm,1,PLATED_HOLE2.7_PAD5.0,
2,EEEFK1C471AP,~~,C350,1,CAE830-1020_470UF_16V_20%,CAE830-1020_470UF_16V_20%,CAPAE830X1020N,Yes,Yes,Aluminum Electrolytic SMT Capacitor,2.0000000000000000e+00,CAE830-1020_470UF_16V_20%,470uF
3,CC0201_100NF_6.3V_10%_X5R,02016D104KAT2A,C7 C8 C9 C10 C11 C14 C15 C16 C17 C18 C19 C20 C21 C23 C25 C28 C32 C34 C35 C37 C38 C39 C40 C41 C44 C45 C46 C48 C49 C50 C51 C52 C53 C54 C55 C56 C58 C59 C60 C63 C64 C65 C66 C67 C70 C74 C76 C77 C78 C79 C80 C82 C86 C88 C89 C90 C91 C94 C98 C100 C101 C108 C109 C110 C112 C114 C115 C116 C117 C122 C124 C125 C126 C133 C136 C163 C164 C166 C169 C170 C174 C175 C176 C177 C178 C179 C180 C181 C182 C183 C184 C185 C186 C187 C190 C191 C192 C193 C196 C197 C198 C199 C200 C201 C202 C203 C204 C205 C206 C207 C208 C209 C210 C211 C212 C213 C214 C215 C217 C218 C219 C220 C221 C224 C230 C232 C234 C236 C238 C296 C297 C298 C299 C300 C301 C302 C303 C304 C305 C306 C307 C308 C309 C310 C311 C312 C313 C342 C351 C352 C355 C356 C358 C359 C365 C366 C367 C368 C369 C370 C371 C372 C378 C379,164,CC0201_100NF_6.3V_10%_X5R,CC0201_100NF_6.3V_10%_X5R,CAPC0603X33N,Yes,Yes,SMD Multilayer Chip Ceramic Capacitor,2.0000000000000000e+00,CC0201_100NF_6.3V_10%_X5R,100nF
4,CC0201_470NF_4V_20%_X5R,AMK063BJ474MP-F,C3 C4 C216 C223 C226 C227 C228 C229 C231 C244 C245 C246 C247 C248 C249 C250 C251 C256 C257 C258 C259 C260 C261 C262 C263 C264 C267 C269 C271 C273 C275 C277 C279 C332 C333 C334 C335 C336 C337 C338 C339,41,CC0201_470NF_4V_20%_X5R,CC0201_470NF_4V_20%_X5R,CAPC0603X33N,Yes,Yes,SMD Multilayer Chip Ceramic Capacitor,2.0000000000000000e+00,CC0201_470NF_4V_20%_X5R,470nF
5,CC0402_100NF_16V_10%_X5R,GRM155R61C104KA88D,C5 C61 C128 C130 C131 C134 C135 C137 C140 C147 C148 C149 C150 C357 C362 C363,16,CC0402_100NF_16V_10%_X5R,CC0402_100NF_16V_10%_X5R,CAPC1005X55N,Yes,Yes,SMD Multilayer Chip Ceramic Capacitor,2.0000000000000000e+00,CC0402_100NF_16V_10%_X5R,100nF
6,CC0402_100PF_50V_5%_C0G,C0402C101J5GACTU,C102 C374 C375,3,CC0402_100PF_50V_5%_C0G,CC0402_100PF_50V_5%_C0G,CAPC1005X55N,Yes,Yes,SMD Multilayer Chip Ceramic Capacitor,2.0000000000000000e+00,CC0402_100PF_50V_5%_C0G,100pF
7,CC0402_10NF_16V_10%_X7R,223878715636,C107,1,CC0402_10NF_16V_10%_X7R,CC0402_10NF_16V_10%_X7R,CAPC1005X55N,Yes,Yes,SMD Multilayer Chip Ceramic Capacitor,2.0000000000000000e+00,CC0402_10NF_16V_10%_X7R,10nF
8,CC0402_150PF_50V_5%_C0G,C0402C151J5GACTU,C92,1,CC0402_150PF_50V_5%_C0G,CC0402_150PF_50V_5%_C0G,CAPC1005X55N,Yes,Yes,SMD Multilayer Chip Ceramic Capacitor,2.0000000000000000e+00,CC0402_150PF_50V_5%_C0G,150pF
9,CC0402_1NF_50V_10%_X7R,223858715623,C188 C189,2,CC0402_1NF_50V_10%_X7R,CC0402_1NF_50V_10%_X7R,CAPC1005X55N,Yes,Yes,SMD Multilayer Chip Ceramic Capacitor,2.0000000000000000e+00,CC0402_1NF_50V_10%_X7R,1nF
10,CC0402_1UF_16V_10%_X5R,C1005X5R1C105KT,C24 C29 C31 C36 C71 C73 C81 C83 C85 C95 C97 C123,12,CC0402_1UF_16V_10%_X5R,CC0402_1UF_16V_10%_X5R,CAPC1005X55N,Yes,Yes,SMD Multilayer Chip Ceramic Capacitor,2.0000000000000000e+00,CC0402_1UF_16V_10%_X5R,1uF
11,CC0402_2.2NF_50V_10%_X7R,223858715627,C138,1,CC0402_2.2NF_50V_10%_X7R,CC0402_2.2NF_50V_10%_X7R,CAPC1005X55N,Yes,Yes,SMD Multilayer Chip Ceramic Capacitor,2.0000000000000000e+00,CC0402_2.2NF_50V_10%_X7R,2.2nF
12,CC0402_22PF_50V_5%_C0G,C0402C220J5GACTU,C165 C171,2,CC0402_22PF_50V_5%_C0G,CC0402_22PF_50V_5%_C0G,CAPC1005X55N,Yes,Yes,SMD Multilayer Chip Ceramic Capacitor,2.0000000000000000e+00,CC0402_22PF_50V_5%_C0G,22pF
13,CC0603_10uF_6.3V_20%_X5R,C0603C106M9PAC,C12 C13 C30 C33 C42 C47 C68 C69 C72 C75 C84 C87 C96 C99,14,CC0603_10UF_6.3V_20%_X5R,CC0603_10UF_6.3V_20%_X5R,CAPC1608X87N,Yes,Yes,SMD Multilayer Chip Ceramic Capacitor,2.0000000000000000e+00,CC0603_10UF_6.3V_20%_X5R,10uF
14,CC0603_22UF_6.3V_20%_X5R,C1608X5R0J226M080AC,C1 C22 C26 C27 C106 C111 C113 C118 C119 C120 C121 C132 C145 C146 C172 C222 C225 C280 C281 C282 C283,21,CC0603_22UF_6.3V_20%_X5R,CC0603_22UF_6.3V_20%_X5R,CAPC1709X100N,Yes,Yes,SMD Multilayer Chip Ceramic Capacitor,2.0000000000000000e+00,CC0603_22UF_6.3V_20%_X5R,22uF
15,CC0603_4.7UF_16V_10%_X5R,EMK107ABJ475KA-T,C57 C105 C127 C129 C139 C142 C143 C144 C159 C161 C162 C167 C168 C173 C195 C331 C343 C344 C347 C348 C349 C360 C361 C364 C373,25,CC0603_4.7UF_16V_10%_X5R,CC0603_4.7UF_16V_10%_X5R,CAPC1709X95N,Yes,Yes,SMD Multilayer Chip Ceramic Capacitor,2.0000000000000000e+00,CC0603_4.7UF_16V_10%_X5R,4.7uF
16,CC0805_22UF_16V_10%_X5R,GRM21BR61C226ME44L,C151 C153 C155 C157,4,CC0805_22UF_16V_10%_X5R,CC0805_22UF_16V_10%_X5R,CAPC2012X135N,Yes,Yes,SMD Multilayer Chip Ceramic Capacitor,2.0000000000000000e+00,CC0805_22UF_16V_10%_X5R,22uF
17,CC0805_4.7UF_10V_10%_X5R,222224013672,C103 C104 C233 C235 C237 C240 C241 C242 C243 C252 C253 C254 C255 C268 C270 C272 C274 C276 C278 C284 C285 C286 C287,23,CC0805_4.7UF_10V_10%_X5R,CC0805_4.7UF_10V_10%_X5R,CAPC2012X135N,Yes,Yes,SMD Multilayer Chip Ceramic Capacitor,2.0000000000000000e+00,CC0805_4.7UF_10V_10%_X5R,4.7uF
18,CC0805_47UF_6.3V_20%_X5R,C0805C476M9PACTU,C152 C154 C156 C158 C160 C194 C330 C340 C341 C345 C346,11,CC0805_47UF_6.3V_20%_X5R,CC0805_47UF_6.3V_20%_X5R,CAPC2012X140N,Yes,Yes,SMD Multilayer Chip Ceramic Capacitor,2.0000000000000000e+00,CC0805_47UF_6.3V_20%_X5R,47uF
19,CC1206_10uF_16V_10%_X7R,C1206C106K4RAC,C6 C62,2,CC1206_10UF_16V_10%_X7R,CC1206_10UF_16V_10%_X7R,CAPC3216X140N,Yes,Yes,SMD Multilayer Chip Ceramic Capacitor,2.0000000000000000e+00,CC1206_10UF_16V_10%_X7R,10uF
20,CC1206_47UF_25V_20%_X5R,C3216X5R1E476M160AC,C141,1,CC1206_47UF_25V_20%_X5R,CC1206_47UF_25V_20%_X5R,CAPC3216X180N,Yes,Yes,SMD Multilayer Chip Ceramic Capacitor,2.0000000000000000e+00,CC1206_47UF_25V_20%_X5R,47uF
21,CC1210_100UF_6.3V_20%_X5R,GRM32ER60J107ME20L,C2 C239 C265 C266,4,CC1210_100UF_6.3V_20%_X5R,CC1210_100UF_6.3V_20%_X5R,CAPC3225X270N,Yes,Yes,SMD Multilayer Chip Ceramic Capacitor,2.0000000000000000e+00,CC1210_100UF_6.3V_20%_X5R,100uF
22,B32529C6472J000,~~,C353 C354,2,CPER_4.7NF_400V_5%_500-250X720X650,CPER_4.7NF_400V_5%_500-250X720X650,CAPR500-250X720X650,No,Yes,Metallized Polyester Film Capacitor (MKT),2.0000000000000000e+00,CPER_4.7NF_400V_5%_500-250X720X650,4.7nF
23,2007132-1,,Cage1,1,TYCO_2007132-1,TYCO_2007132-1,TYCO_2007132-1,No,Yes,1x4 Press Fit Cage For Use with SFP+ Connector (Small Form-factor Pluggable),46,TYCO_2007132-1,
24,BAT165AX,,D2 D3 D5 D9 D14 D15 D16 D17 D18,9,BAT165,BAT165,SOD2512X110N,Yes,Yes,Medium Power AF Schottky Diode,2,BAT165,
25,HDMIULC6-4SC6,,D10 D11,2,HDMIULC6-4SC6-Diodes-AMC_FMC_Carrier-PcbDoc-rescue,HDMIULC6-4SC6,SOT95P280X145-6N,Yes,Yes,Ultra Large Bandwidth HDMI ESD (15kV) Protection,6,HDMIULC6-4SC6,
26,MB210S-TP,,D6 D7,2,MB6S-Diode_Bridge-AMC_FMC_Carrier-PcbDoc-rescue,MB210S-TP,SOIC254P665X290-4N,,,,,,
27,PRTR5V0U2X,,D13,1,PRTR5V0U2X-Diodes,PRTR5V0U2X,SOT190P230X110-4N,Yes,Yes,Ultra Low Capacitance (1pF) Double Rail-to-Rail ESD Protection Diode (8kV),4,PRTR5V0U2X,
28,SMAJ58A,,D8,1,1.5KExxA-Diode-AMC_FMC_Carrier-PcbDoc-rescue,SMAJ58A,DIOM5226X262N,,,,,,
29,SS16,,D1 D4 D12,3,SS16-Diodes,SS16,DIOM5127X229N,Yes,Yes,Surface Mount Schottky Barrier Rectifier,2,SS16,
30,SF-0603F050-2,~~,F1 F2,2,FUS0603_BOURNS-SF-0603F050-2,FUS0603_BOURNS-SF-0603F050-2,FUSC1608X55N,Yes,Yes,Thin Film Chip Fuse,2,FUS0603_BOURNS-SF-0603F050-2,500mA-50V
31,10029449-111RLF,,J15,1,SAMTEC_MHDMR-19-02-H-TH-L-TR-SAMTEC-AMC_FMC_Carrier-PcbDoc-rescue,10029449-111RLF,HDMI_TH,Yes,Yes,"19 Contacts, Pitch 0.4mm, Right Angle, Mini  HDMI High Speed I/O Receptacle",20,10029449-111RLF,
32,10103594-0001LF,,J10,1,HIROSE_ZX62RD-AB-5P8-Miscellaneous-AMC_FMC_Carrier-PcbDoc-rescue,10103594-0001LF,USB_Micro-B_Amphenol_10103594-0001LF_Horizontal,Yes,Yes,"Micro-USB 2.0 Right Angle, SMD Type AB - Reverse (Top mount), Shell Through Hole",7,10103594-0001LF,
33,1888247-1,,J6,1,TYCO_1888247-1,1888247-1:TE_1888247-1,TE_1888247-1,Yes,Yes,"20 Position, Pitch 0.8mm SFP+ Receptacle (Small Form-factor Pluggable)",20,TYCO_1888247-1,
34,2057-PH1-04-UA-ND,,J9,1,Conn_01x04_Male-Connector-AMC_FMC_Carrier-PcbDoc-rescue,2057-PH1-04-UA-ND,SAMTEC_MTLW-104-07-L-S-250,,,,,,
35,0826-1X1T-80-F,,J4,1,BELFUSE_0826-1X1T-HS-F-Miscellaneous,BELFUSE_0826-1X1T-HS-F,BELFUSE_0826-1X1T-80-F,No,Yes,"1 Port, Orange Green/Yellow LEDs, RJ45 1000BaseT, PoE, Gigabit MagJack® Connector Module",20,BELFUSE_0826-1X1T-HS-F,
36,FC68148 (DC-10A),,J1,1,CLIFF_FC68148(DC-10A),CLIFF_FC68148(DC-10A),CLIFF_FC68148(DC-10A),No,Yes,"12V/5A, 2.1mm Diameter Pin, DC Power Socket With  Switch (DC10A Type)",3,CLIFF_FC68148(DC-10A),
37,GRPB052VWQP-RC,,J14,1,Conn_ARM_JTAG_SWD_10-Connector-AMC_FMC_Carrier-PcbDoc-rescue,GRPB052VWQP-RC,PinHeader_2x05_P1.27mm_Vertical_SMD,,,,,,
38,U.FL-R-SMT-1(10),,J2 J5,2,HIROSE_U.FL-R-SMT-1(10),HIROSE_U.FL-R-SMT-1(10),U.FL_Hirose_U.FL-R-SMT-1_Vertical,Yes,Yes,Up to 6GHz Ultra Small Surface Mount Male Coaxial Connectors U.FL Series,2,HIROSE_U.FL-R-SMT-1(10),
39,87831-1420,,J11,1,MOLEX_87831-1420-MOLEX-AMC_FMC_Carrier-PcbDoc-rescue,MOLEX_87831-1420,MOLEX_87831-1420,No,Yes,"2.00mm (.079"") Pitch Milli-Grid™ Header, Vertical, Shrouded, Center Polarization Slot, Locking Window, 14 Circuits",14,MOLEX_87831-1420,
40,PPTC062LJBN-RC,,J12 J13 J16,3,Conn_02x06_Odd_Even,PPTC062LJBN-RC,SDL-112-X-XX_2x06,,,,,,
41,1888247-1,,J3 J7 J8,3,TYCO_1888247-1,TYCO_1888247-1,TE_1888247-1,Yes,Yes,"20 Position, Pitch 0.8mm SFP+ Receptacle (Small Form-factor Pluggable)",20,TYCO_1888247-1,
42,MPZ2012S102A,,L35 L36 L37 L38 L39 L40,6,L-Device-AMC_FMC_Carrier-PcbDoc-rescue,1k@100MHz,INDC2012X145N,,,,,,
43,BLM18SG121TN1D,,L1 L2 L3 L4 L5 L6 L7 L8 L9 L10 L11 L12 L15 L16 L24 L25 L26 L27 L28 L33 L34 L41 L42,23,IND0603_MURATA_BLM18SG121TN1D,IND0603_MURATA_BLM18SG121TN1D,INDC1608X65N,Yes,Yes,SMD EMIFIL Suppression Chip Ferrite Bead,2.0000000000000000e+00,IND0603_MURATA_BLM18SG121TN1D,120R@100MHz
44,BLM41PG600SN1L,,L14 L21 L22 L31 L32,5,IND1806_MURATA_BLM41PG600SN1L,IND1806_MURATA_BLM41PG600SN1L,INDC4516X180N,Yes,Yes,SMD EMI Suppression Chip Ferrite Bead (BLM41P Series),2.0000000000000000e+00,IND1806_MURATA_BLM41PG600SN1L,60R@100MHz
45,VLCF5020T-100M1R1-1,,L13,1,IND_10UH_20%_TDK_VLCF5020-1,IND_10UH_20%_TDK_VLCF5020-1,IND_TDK_VLCF5020-1,Yes,Yes,"SMD Inductor for Power Circuits (Wound/STD , Magnetic Shielded), VLCF series",2.0000000000000000e+00,IND_10UH_20%_TDK_VLCF5020-1,10uH
46,SRP6540-2R2M,,L17 L18 L19 L20,4,IND_2.2UH_20%_BOURNS_SRP6540,IND_2.2UH_20%_BOURNS_SRP6540,IND_BOURNS_SRP6540,Yes,Yes,Shielded SMD Power Inductor,2.0000000000000000e+00,IND_2.2UH_20%_BOURNS_SRP6540,2.2uH
47,74479276222C,,L23,1,IND_2.2UH_20%_WURTH_WE-PMCI_74479276222C,IND_2.2UH_20%_WURTH_WE-PMCI_74479276222C,IND_WURTH_WE-PMCI_0806LR,Yes,Yes,SMD Power Molded Chip  Inductor (WE-PMCI Series),2.0000000000000000e+00,IND_2.2UH_20%_WURTH_WE-PMCI_74479276222C,2.2uH
48,HSMC-C120,,LD11 LD12 LD13 LD14,4,LED_AVAGO_HSMC-C120,LED_AVAGO_HSMC-C120,LED_AVAGO_HSMC-C120,Yes,Yes,High Performance Right Angle Chip Red LED,2,LED_AVAGO_HSMC-C120,
49,KPH-1608CGCK,,LD1 LD2 LD3 LD4 LD5 LD6 LD7 LD8 LD9 LD10 LD15,11,LED_KINGBRIGHT_KPH-1608CGCK,LED_KINGBRIGHT_KPH-1608CGCK,LED_KINGBRIGHT_KPH-1608CGCK,Yes,Yes,"SMD Green LED, Case 1.6mmX0.8mm(0603), 0.65mm Thickness",2,LED_KINGBRIGHT_KPH-1608CGCK,
50,SWR25X-NRTC-S03-ST-BA,,M1 M2,2,Fan_3pin-Motor-AMC_FMC_Carrier-PcbDoc-rescue,Fan_3pin,Fan_Pin_Header_Straight_1x03,,,,,,
51,ASP-134603-01,,P1 P2,2,SAMTEC_ASP-134603-01,SAMTEC_ASP-134603-01,SAMTEC_ASP-134603-01,Yes,Yes,"160 contacts (4 rows cdgh) Surface Mount Female Connector, VITA 57 (CC-LPC-10)",160,SAMTEC_ASP-134603-01,
52,FSM2JSMA or  2-1437565-7,~~,PB1,1,PB_TYCO_FSM2JSMA-Switches-AMC_FMC_Carrier-PcbDoc-rescue,PB_TYCO_FSM2JSMA,PB_TYCO_FSM2JSMA,Yes,Yes,12VDC 50mA SPST Tactile  Push-Button Switch,4,PB_TYCO_FSM2JSMA,
53,BC847BV,,Q26 Q27,2,BC847BV,BC847BV,SOTFL50P160X60-6N,Yes,Yes,45V 100mA NPN General Purpose Double Transistor,6,BC847BV,
54,"BC857BV,115",,Q1 Q15 Q22,3,BC857BV,BC857BV,SOTFL50P160X60-6N,Yes,Yes,-45V -100mA PNP General Purpose Double Transistor,6,BC857BV,
55,BSS138LT1G,,Q8 Q9,2,BSS138LT1G,BSS138LT1G,SOT95P240X110-3N,Yes,Yes,50V 200mA N-Channel Enhancement Mode Field-Effect Transistor,3,BSS138LT1G,
56,BSS139H6327XTSA1,,Q5 Q6 Q14 Q17 Q18 Q19 Q20 Q21 Q24,9,BSS139,BSS139,SOT95P240X110-3N,Yes,Yes,250V 30mA N-Channel  SIPMOS® Small-Signal-Transistor,3,BSS139,
57,FDMS7608S,,Q10 Q11 Q12 Q13,4,FDMS7608S,FDMS7608S,FAIRCHILD_MLP08P,Yes,Yes,30V Dual N-Channel PowerTrench® MOSFET,10,FDMS7608S,
58,SI4425DDY-T1-GE3,,Q2 Q3 Q4 Q16 Q23,5,SI4425DDY-T1-GE3,SI4425DDY-T1-GE3,SOIC127P600X175-8N,Yes,Yes,-30V -19.7A P-Channel MOSFET,8,SI4425DDY-T1-GE3,
59,STS8DN6LF6AG,,Q7,1,STS2DNE60-Transistor_FET-AMC_FMC_Carrier-PcbDoc-rescue,STS8DN6LF6AG,SOIC127P600X175-8N,,,,,,
60,Si2315BDS-T1-E3,,Q25,1,Si2315BDS-T1-E3,Si2315BDS-T1-E3,SOT95P237X112-3N,Yes,Yes,-12V -3A P-Channel STripFET® II Power MOSFET,3,Si2315BDS-T1-E3,
61,R0201_200R_1%_0.05W_200PPM,CRCW0201200RFNED,R59 R60 R61 R169,4,R0201_100R_1%_0.05W_200PPM,R0201_100R_1%_0.05W_200PPM,RESC0603X28N,Yes,Yes,Thick Film Chip Resistor,2,R0201_200R_1%_0.05W_200PPM,100
62,R0402_0R_JUMPER,232270591001L,R33 R42 R43 R44 R65 R69 R77 R86 R94 R100 R129 R135 R136 R159 R165 R168 R190 R191 R192 R193 R194 R195 R200 R215 R216 R224 R225 R227 R228 R229 R230 R231 R232 R233 R237 R238 R239 R240 R241 R242 R275 R277 R278 R279 R280 R281 R289 R290,48,R0402_0R_JUMPER,R0402_0R_JUMPER,RESC1005X40N,Yes,Yes,1A (0.05R Max DC Resistance) Zero Ohm Jumper,2,R0402_0R_JUMPER,0
63,R0402_100R_1%_0.1W_100PPM_50V,ERJ2RKF1000X,R103 R148 R149 R150 R151 R152 R153 R154 R155 R161,10,R0402_100R_1%_0.1W_100PPM,R0402_100R_1%_0.1W_100PPM,RESC1005X40N,Yes,Yes,General Purpose Thick Film Chip Resistor,2,R0402_100R_1%_0.1W_100PPM,100
64,R0402_10K_1%_0.0625W_100PPM,232270671003L,R29 R30 R31 R32 R34 R35 R36 R37 R38 R63 R68 R70 R71 R72 R73 R74 R76 R78 R79 R80 R81 R82 R84 R85 R87 R88 R89 R90 R105 R113 R115 R116 R117 R118 R121 R122 R123 R124 R125 R126 R127 R130 R131 R137 R138 R139 R140 R142 R143 R144 R145 R146 R147 R157 R158 R166 R167 R170 R171 R172 R173 R174 R175 R176 R177 R178 R185 R186 R187 R188 R201 R202 R203 R204 R205 R213 R214 R234 R235 R236 R246 R247 R249 R250 R252 R253 R254 R255 R256 R257 R258 R260 R262 R263 R270 R271 R272 R276,98,R0402_10K_1%_0.0625W_100PPM,R0402_10K_1%_0.0625W_100PPM,RESC1005X40N,Yes,Yes,General Purpose Thick Film Chip Resistor,2,R0402_10K_1%_0.0625W_100PPM,10k
65,R0402_12K_1%_0.0625W_100PPM,232270671203L,R120,1,R0402_12K_1%_0.0625W_100PPM,R0402_12K_1%_0.0625W_100PPM,RESC1005X40N,Yes,Yes,General Purpose Thick Film Chip Resistor,2,R0402_12K_1%_0.0625W_100PPM,12k
66,R0402_1K_1%_0.0625W_100PPM,232270671002L,R107 R163 R179 R184 R245 R248 R251 R259 R261 R264 R265 R266 R267 R268 R283 R284 R285,17,R0402_1K_1%_0.0625W_100PPM,R0402_1K_1%_0.0625W_100PPM,RESC1005X40N,Yes,Yes,General Purpose Thick Film Chip Resistor,2,R0402_1K_1%_0.0625W_100PPM,1k
67,R0402_22R_1%_0.0625W_100PPM,232270672209L,R291 R292 R293 R294 R295 R296,6,R0402_22R_1%_0.0625W_100PPM,R0402_22R_1%_0.0625W_100PPM,RESC1005X40N,Yes,Yes,General Purpose Thick Film Chip Resistor,2,R0402_22R_1%_0.0625W_100PPM,22
68,R0402_240R_1%_0.0625W_100PPM,232270672401L,R28 R58 R67 R92 R93 R156,6,R0402_240R_1%_0.0625W_100PPM,R0402_240R_1%_0.0625W_100PPM,RESC1005X40N,Yes,Yes,General Purpose Thick Film Chip Resistor,2,R0402_240R_1%_0.0625W_100PPM,240
69,R0402_270K_1%_0.0625W_100PPM,232270672704L,R109,1,R0402_270K_1%_0.0625W_100PPM,R0402_270K_1%_0.0625W_100PPM,RESC1005X40N,Yes,Yes,General Purpose Thick Film Chip Resistor,2,R0402_270K_1%_0.0625W_100PPM,270k
70,R0402_2K2_1%_0.0625W_100PPM,232270672202L,R39 R40 R41 R112 R114 R119 R133 R134 R160 R199 R217 R218 R220 R221 R222 R223,16,R0402_2K2_1%_0.0625W_100PPM,R0402_2K2_1%_0.0625W_100PPM,RESC1005X40N,Yes,Yes,General Purpose Thick Film Chip Resistor,2,R0402_2K2_1%_0.0625W_100PPM,2k2
71,R0402_22K_1%_0.0625W_100PPM,232270672203L,R45 R46 R47 R48 R49 R50 R51 R52 R53 R54 R55 R56 R57 R75 R83 R91,16,R0402_22K_1%_0.0625W_100PPM,R0402_2K2_1%_0.0625W_100PPM,RESC1005X40N,Yes,Yes,General Purpose Thick Film Chip Resistor,2,R0402_22K_1%_0.0625W_100PPM,22k
72,R0402_40R2_1%_0.0625W_100PPM,CRCW040240R2FKED,R4 R5 R6 R7 R8 R9 R10 R11 R12 R13 R14 R15 R16 R17 R18 R19 R20 R21 R22 R23 R27 R106,22,R0402_40R2_1%_0.0625W_100PPM,R0402_40R2_1%_0.0625W_100PPM,RESC1005X40N,Yes,Yes,General Purpose Thick Film Chip Resistor,2,R0402_40R2_1%_0.0625W_100PPM,40R2
73,R0402_47K_1%_0.0625W_100PPM,232270675103L,R104 R128 R180 R181 R273,5,R0402_47K_1%_0.0625W_100PPM,R0402_47K_1%_0.0625W_100PPM,RESC1005X40N,Yes,Yes,General Purpose Thick Film Chip Resistor,2,R0402_47K_1%_0.0625W_100PPM,47k
74,R0402_49R9_1%_0.0625W_100PPM,232270674999L or RC0402FR-0749R9L,R141 R164 R206 R207 R208 R211 R219 R226,8,R0402_49R9_1%_0.0625W_100PPM,R0402_49R9_1%_0.0625W_100PPM,RESC1005X40N,Yes,Yes,General Purpose Thick Film Chip Resistor,2,R0402_49R9_1%_0.0625W_100PPM,49R9
75,R0402_4K7_1%_0.0625W_100PPM,232270674702L,R282,1,R0402_4K7_1%_0.0625W_100PPM,R0402_4K7_1%_0.0625W_100PPM,RESC1005X40N,Yes,Yes,General Purpose Thick Film Chip Resistor,2,R0402_4K7_1%_0.0625W_100PPM,4k7
76,R0402_51R_1%_0.0625W_100PPM,232270675109L,R1 R2 R3,3,R0402_51R_1%_0.0625W_100PPM,R0402_51R_1%_0.0625W_100PPM,RESC1005X40N,Yes,Yes,General Purpose Thick Film Chip Resistor,2,R0402_51R_1%_0.0625W_100PPM,51
77,R0402_5K1_1%_0.0625W_100PPM,232270675102L,R24 R25 R26,3,R0402_5K1_1%_0.0625W_100PPM,R0402_5K1_1%_0.0625W_100PPM,RESC1005X40N,Yes,Yes,General Purpose Thick Film Chip Resistor,2,R0402_5K1_1%_0.0625W_100PPM,5k1
78,R0402_82K_1%_0.0625W_100PPM,232270678203L,R108 R110 R212 R269,4,R0402_82K_1%_0.0625W_100PPM,R0402_82K_1%_0.0625W_100PPM,RESC1005X40N,Yes,Yes,General Purpose Thick Film Chip Resistor,2,R0402_82K_1%_0.0625W_100PPM,82k
79,R0603_4K99_1%_0.063W_50PPM,CPF0603F4K99C1,R62 R64 R66,3,R0603_4K99_1%_0.063W_50PPM,R0603_4K99_1%_0.063W_50PPM,RESC1608X55N,Yes,Yes,General Purpose Thick Film Chip Resistor,2,R0603_4K99_1%_0.063W_50PPM,4k99
80,CSR1206FK20L0,~~,R182 R183,2,R1206_0R02_1%_0.5W_100PPM,R1206_0R02_1%_0.5W_100PPM,RESC3216X80N,Yes,Yes,Low Value Flat Chip Resistor,2,R1206_0R02_1%_0.5W_100PPM,0R02
81,RL1206FR-7W0R47  (35051914707),~~,R111,1,R1206_0R47_1%_0.5W_600PPM,R1206_0R47_1%_0.5W_600PPM,RESC3216X65N,Yes,Yes,Low Ohmique High Power Chip Resistor,2,R1206_0R47_1%_0.5W_600PPM,0R47
82,R1206_1M_1%_0.25W_100PPM,NRC12F1004TRF,R243 R244,2,R1206_1M_1%_0.25W_100PPM,R1206_1M_1%_0.25W_100PPM,RESC3216X65N,Yes,Yes,General Purpose Thick Film Chip Resistor,2,R1206_1M_1%_0.25W_100PPM,1M
83,HDT0001,,S1,1,HDT0001-HDT0001,HDT0001,HDT0001,,,,,,
84,KSS241GLFS,,SW3,1,SW_Push,KSS241GLFS,KSS241GLFS,,,,,,
85,SKHHLQA010,,SW2,1,SW_Push,SKHHLQA010,PB_ALPS_SKHHLQA010,,,,,,
86,A6SN-1101,,SW1,1,SW_DIP_x01-Switch-AMC_FMC_Carrier-PcbDoc-rescue,SW_DIP_x01,SW_OMRON_A6SN-1101,,,,,,
87,88E1512-XX-NNP2I000,,U4,1,88E1512-XX-NNP2I000,88E1512-XX-NNP2I000,QFN50P800X800X100-57N-S437,Yes,Yes,Alaska Integrated 10/100/1000 Mbps Energy Efficient Ethernet Transceiver,57,88E1512-XX-NNP2I000,
88,AD5662BRMZ-1,,U16 U19,2,AD5662BRMZ-1,AD5662BRMZ-1,SOP65P490X110-8N,Yes,Yes,"2.7V to 5.5V, 250uA, Rail-to-Rail Output 16-Bit nanoDAC",8,AD5662BRMZ-1,
89,AG5300,,U40,1,AG5300-AG5300-AMC_FMC_Carrier-PcbDoc-rescue,AG5300,AG5300,,,,,,
90,CDCM61004RHBT,,U20,1,CDCM61004RHBT,CDCM61004RHBT,QFN50P500X500X100-33N-S355,Yes,Yes,"Four Output, Integrated VCO, Low-Jitter Clock Generator",33,CDCM61004RHBT,
91,FOD817DSD,,U41,1,FOD817DSD,FOD817DSD,FAIRCHILD_FOD817DSD,Yes,Yes,4-Pin High Operating Temperature Phototransistor Optocoupler,4,FOD817DSD,
92,FT4232H-56Q,,U23,1,FT4232H-56Q,FT4232H-56Q,QFN50P800X800X100-57N-S620,Yes,Yes,Quad High Speed USB to Multipurpose UART/MPSSE IC,57,FT4232H-56Q,
93,INA219BIDCNT,,U17 U32,2,INA219BIDCNT,INA219BIDCNT,SOT65P280X145-8N,Yes,Yes,"Zero-Drift, Bi-Directional CURRENT/POWER MONITOR with I2C™ Interface",8,INA219BIDCNT,
94,LM336M-2.5,,U14,1,LM336M-2.5-clocks-SchDoc-cache-AMC_FMC_Carrier-PcbDoc-rescue,LM336M-2.5,SOIC127P600X175-8N,,,,,,
95,LM75AIMM/NOPB,,U28 U29,2,LM75B-Sensor_Temperature-AMC_FMC_Carrier-PcbDoc-rescue,LM75AIMM/NOPB,SOP65P490X109-8N,,,,,,
96,LP5951MF-3.0/NOPB,,U13,1,LP5951-clocks-SchDoc-cache-AMC_FMC_Carrier-PcbDoc-rescue,LP5951MF-3.0/NOPB,SOT95P284X122-5N,,,,,,
97,"LPC1776FET180,551",,U2,1,"LPC1776FET180,551-lpc1776fet180,551-AMC_FMC_Carrier-PcbDoc-rescue","LPC1776FET180,551",BGA180C80P14X14_1200X1200X120,,,,,,
98,M93C46-WMN6TP,,U21,1,M93C46-WMN6TP-Logic,M93C46-WMN6TP,SOIC127P600X175-8N,Yes,Yes,1Kbit (128 x 8 bit or 64 x 16 bit) MICROWIRE® Serial Access EEPROM,8,M93C46-WMN6TP,
99,MAX6639AEE+,,U27,1,MAX6639AEE+,MAX6639AEE+,SOP63P600X175-16N,Yes,Yes,"2-Channel Temperature Monitor with Dual, Automatic, PWM Fan-Speed Controller",16,MAX6639AEE+,
100,MC78L05ACDG,,U12,1,MC78L05ACDG,MC78L05ACDR2G,SOIC127P600X175-8N,Yes,Yes,5V 100mA Positive Voltage Regulators,8,MC78L05ACDG,
101,MT41K512M16HA-125:E (AS4C512M16D3L-12BCN),,U3,1,MT41K512M16HA-125_E-Logic,MT41K512M16HA-125_E,BGA96C80P9X16_900X1400X120,Yes,Yes,"+1.35V, 8Gb (64 Meg x 16 x 8 banks) DDR3L SDRAM",96,MT41K512M16HA-125:E,
102,NC7SZ66P5X,,U7 U10,2,NC7SZ66P5X-Standard_Logic,NC7SZ66P5X,SOT65P210X110-5N,Yes,Yes,Low Voltage Single SPST Normally Open Bus Switch,5,NC7SZ66P5X,
103,NCP186AMX120TAG,,U37,1,NCP186AMX120TAG-powerMG-AMC_FMC_Carrier-PcbDoc-rescue,NCP186AMX120TAG,SOIC-8,,,,,,
104,NCP186AMX180TAG,,U36,1,NCP186AMX120TAG-powerMG-AMC_FMC_Carrier-PcbDoc-rescue,NCP186AMX180TAG,SOIC-8,,,,,,
105,PCA9555AHF,,U34 U39,2,PCA9555AHF,PCA9555AHF,QFN50P400X400X80-25N-S225,Yes,Yes,Low-Voltage 16-Bit I2C-bus I/O Port With Interrupt and Weak Pull-Up,25,PCA9555AHF,
106,S25FL128SAGMFIR01,,U30,1,S25FL128SAGMFIR01-powerMG-AMC_FMC_Carrier-PcbDoc-rescue,S25FL128SAGMFIR01,SOIC127P1030X265-16N,,,,,,
107,SN74AVC2T245RSWR,,U8 U9 U15 U24 U25 U26 U33 U38,8,SN74AVC2T245RSWR,SN74AVC2T245RSWR,QFN40P140X180X55-10N,Yes,Yes,Dual-Bit Dual-Supply Bus Transceiver With Configurable Voltage Translation and 3-State Outputs,10,SN74AVC2T245RSWR,
108,SN74LVC1G125DCKT,,U11,1,SN74LVC1G125DCKT-Standard_Logic-AMC_FMC_Carrier-PcbDoc-rescue,SN74LVC1G125DCKT,SOT65P210X110-5N,Yes,Yes,Single Bus Buffer Gate With 3-State Outputs,5,SN74LVC1G125DCKT,
109,TCA9548ARGER,,U5,1,TCA9548ARGER-Interface_Expansion-AMC_FMC_Carrier-PcbDoc-rescue,TCA9548ARGER,QFN50P400X400X100-25N-S220,,,,,,
110,TLV62565DBVT,,U22,1,TLV62565DBVT,TLV62565DBVT,SOT95P280X145-5N,Yes,Yes,"1.5A High Efficiency Step-Down Converter, Adjustable Output Voltage",5,TLV62565DBVT,
111,TPS51200DRC,,U31,1,TPS51200DRC-Regulator_Linear-AMC_FMC_Carrier-PcbDoc-rescue,TPS51200DRC,TEXAS_DRC (S-PVSON-N10),,,,,,
112,TPS62175DQC,,U18,1,TPS62175DQC,TPS62175DQC,SON50P200X300X80-11N-R94X250,Yes,Yes,"4.75-28VDC to 1-6VDC, 500mA Step-Down Converter With Sleep Mode",11,TPS62175DQC,
113,TXS0102DCUR,,U6,1,TXS0102DCUR,TXS0102DCUR,SOP50P310X90-8N,Yes,Yes,2-Bit Bidirectionnal Voltage-Level Translator for Open-Drain And Push-Pull Applications,8,TXS0102DCUR,
114,XC7A100T-2FGG484C,,U1,1,XC7A200T-FBG484-FPGA_Xilinx_Artix7-AMC_FMC_Carrier-PcbDoc-rescue,XC7A100T-2FGG484C,BGA484C100P22X22_2300X2300X240,,,,,,
115,XRP7724ILB-F,,U35,1,XRP7724ILB-F,XRP7724ILB-F,QFN50P700X700X80-45N-S520,Yes,Yes,Quad Channel Digital PWM/PFM Proggrammable Power Management System,45,XRP7724ILB-F,
116,LFVCXO026156,,Y3,1,OSC_20MHZ_IQD_LFVCXO026156,OSC_20MHZ_IQD_LFVCXO026156,OSC_IQD_CFPV-45,Yes,Yes,"3.3V, ±100ppm, 15pF, 0..70°C, HCMOS Tri-State Surface Mount, VCXO Voltage Controlled Oscillator (CFPV-45 Series)",6,OSC_20MHZ_IQD_LFVCXO026156,20MHz
117,VM53S3-25.000-2.5/-30+75,,Y2,1,Oscillator_1VC_2GND_3OUT_4+Vs-clocks-SchDoc-cache-AMC_FMC_Carrier-PcbDoc-rescue,VM53S3-25.000-2.5/-30+75,OSCCC320X500X160-4N,,,,,,
118,7M-12.000MAAJ-T,,Y4,1,XTAL_12MHZ_TXC_7M-12.000MAAJ-T,XTAL_12MHZ_TXC_7M-12.000MAAJ-T,XTAL_TXC_7M,Yes,Yes,"±30ppm 18pF -20°C to +70°C  4 Pins, 3.2x2.5X0.8mm, SMD Sealing Crystal, 7M Series",4,XTAL_12MHZ_TXC_7M-12.000MAAJ-T,12MHz





Component Groups:,127
Component Count:,860
Fitted Components:,808
Number of PCBs:,1
Total components:,808
Schematic Version:,9
Schematic Date:,2019-01-16
PCB Variant:,standalone
BoM Date:,8/4/2019 9:58:39 PM
Schematic Source:,C:\Users\micha\Desktop\Projekty\AMC FMC\import z altiuma\git marble\Marble\AMC_FMC_Carrier-PcbDoc.sch
KiCad Version:,Eeschema (5.1.2)-2
